time/time_elapsed,time/episodes,rollout/success_rate,time/fps,time/total_timesteps,rollout/ep_rew_mean,rollout/ep_len_mean,eval/success_rate,eval/mean_reward,eval/mean_ep_length,train/learning_rate,train/ent_coef,train/ent_coef_loss,train/actor_loss,train/critic_loss,train/n_updates
1,1,0.0,49,50,-50.0,50.0,,,,,,,,,
1,2,0.0,66,100,-50.0,50.0,,,,,,,,,
1,3,0.0,75,150,-50.0,50.0,,,,,,,,,
2,4,0.0,81,200,-50.0,50.0,,,,,,,,,
2,5,0.0,85,250,-50.0,50.0,,,,,,,,,
3,6,0.0,87,300,-50.0,50.0,,,,,,,,,
3,7,0.0,89,350,-50.0,50.0,,,,,,,,,
4,8,0.0,91,400,-50.0,50.0,,,,,,,,,
4,9,0.0,92,450,-50.0,50.0,,,,,,,,,
5,10,0.0,93,500,-50.0,50.0,,,,,,,,,
5,11,0.0,94,550,-50.0,50.0,,,,,,,,,
6,12,0.0,94,600,-50.0,50.0,,,,,,,,,
6,13,0.0,95,650,-50.0,50.0,,,,,,,,,
7,14,0.0,96,700,-50.0,50.0,,,,,,,,,
7,15,0.0,96,750,-50.0,50.0,,,,,,,,,
8,16,0.0,97,800,-50.0,50.0,,,,,,,,,
8,17,0.0,97,850,-50.0,50.0,,,,,,,,,
9,18,0.0,97,900,-50.0,50.0,,,,,,,,,
9,19,0.0,98,950,-50.0,50.0,,,,,,,,,
10,20,0.0,98,1000,-50.0,50.0,,,,,,,,,
10,21,0.0,98,1050,-50.0,50.0,,,,,,,,,
11,22,0.0,99,1100,-50.0,50.0,,,,,,,,,
11,23,0.0,99,1150,-50.0,50.0,,,,,,,,,
12,24,0.0,99,1200,-50.0,50.0,,,,,,,,,
12,25,0.0,99,1250,-50.0,50.0,,,,,,,,,
12,26,0.0,100,1300,-50.0,50.0,,,,,,,,,
13,27,0.0,100,1350,-50.0,50.0,,,,,,,,,
13,28,0.0,100,1400,-50.0,50.0,,,,,,,,,
14,29,0.0,100,1450,-50.0,50.0,,,,,,,,,
14,30,0.0,101,1500,-50.0,50.0,,,,,,,,,
15,31,0.0,101,1550,-50.0,50.0,,,,,,,,,
15,32,0.0,101,1600,-50.0,50.0,,,,,,,,,
16,33,0.0,101,1650,-50.0,50.0,,,,,,,,,
16,34,0.0,101,1700,-50.0,50.0,,,,,,,,,
17,35,0.0,101,1750,-50.0,50.0,,,,,,,,,
17,36,0.0,101,1800,-50.0,50.0,,,,,,,,,
18,37,0.0,101,1850,-50.0,50.0,,,,,,,,,
18,38,0.0,101,1900,-50.0,50.0,,,,,,,,,
19,39,0.0,101,1950,-50.0,50.0,,,,,,,,,
19,40,0.0,101,2000,-50.0,50.0,,,,,,,,,
20,41,0.0,101,2050,-50.0,50.0,,,,,,,,,
20,42,0.0,101,2100,-50.0,50.0,,,,,,,,,
21,43,0.0,102,2150,-50.0,50.0,,,,,,,,,
21,44,0.0,102,2200,-50.0,50.0,,,,,,,,,
22,45,0.0,102,2250,-50.0,50.0,,,,,,,,,
22,46,0.0,102,2300,-50.0,50.0,,,,,,,,,
22,47,0.0,102,2350,-50.0,50.0,,,,,,,,,
23,48,0.0,102,2400,-50.0,50.0,,,,,,,,,
23,49,0.0,102,2450,-50.0,50.0,,,,,,,,,
24,50,0.0,102,2500,-50.0,50.0,,,,,,,,,
24,51,0.0,102,2550,-50.0,50.0,,,,,,,,,
25,52,0.0,102,2600,-50.0,50.0,,,,,,,,,
25,53,0.0,102,2650,-50.0,50.0,,,,,,,,,
26,54,0.0,102,2700,-50.0,50.0,,,,,,,,,
26,55,0.0,102,2750,-50.0,50.0,,,,,,,,,
27,56,0.0,102,2800,-50.0,50.0,,,,,,,,,
27,57,0.0,102,2850,-50.0,50.0,,,,,,,,,
28,58,0.0,102,2900,-50.0,50.0,,,,,,,,,
28,59,0.0,102,2950,-50.0,50.0,,,,,,,,,
29,60,0.0,102,3000,-50.0,50.0,,,,,,,,,
29,61,0.0,102,3050,-50.0,50.0,,,,,,,,,
30,62,0.0,102,3100,-50.0,50.0,,,,,,,,,
30,63,0.0,102,3150,-50.0,50.0,,,,,,,,,
31,64,0.0,102,3200,-50.0,50.0,,,,,,,,,
31,65,0.0,102,3250,-50.0,50.0,,,,,,,,,
32,66,0.0,102,3300,-50.0,50.0,,,,,,,,,
32,67,0.0,102,3350,-50.0,50.0,,,,,,,,,
33,68,0.0,102,3400,-50.0,50.0,,,,,,,,,
33,69,0.0,102,3450,-50.0,50.0,,,,,,,,,
34,70,0.0,102,3500,-50.0,50.0,,,,,,,,,
34,71,0.0,102,3550,-50.0,50.0,,,,,,,,,
34,72,0.0,102,3600,-50.0,50.0,,,,,,,,,
35,73,0.0,102,3650,-50.0,50.0,,,,,,,,,
35,74,0.0,102,3700,-50.0,50.0,,,,,,,,,
36,75,0.0,103,3750,-50.0,50.0,,,,,,,,,
36,76,0.0,103,3800,-50.0,50.0,,,,,,,,,
37,77,0.0,103,3850,-50.0,50.0,,,,,,,,,
37,78,0.0,103,3900,-50.0,50.0,,,,,,,,,
38,79,0.0,103,3950,-50.0,50.0,,,,,,,,,
38,80,0.0,103,4000,-50.0,50.0,,,,,,,,,
39,81,0.0,103,4050,-50.0,50.0,,,,,,,,,
39,82,0.0,103,4100,-50.0,50.0,,,,,,,,,
40,83,0.0,103,4150,-50.0,50.0,,,,,,,,,
40,84,0.0,103,4200,-50.0,50.0,,,,,,,,,
41,85,0.0,103,4250,-50.0,50.0,,,,,,,,,
41,86,0.0,103,4300,-50.0,50.0,,,,,,,,,
42,87,0.0,103,4350,-50.0,50.0,,,,,,,,,
42,88,0.0,103,4400,-50.0,50.0,,,,,,,,,
43,89,0.0,103,4450,-50.0,50.0,,,,,,,,,
43,90,0.011111111111111112,103,4500,-49.44444444444444,50.0,,,,,,,,,
44,91,0.01098901098901099,103,4550,-49.45054945054945,50.0,,,,,,,,,
44,92,0.010869565217391304,103,4600,-49.45652173913044,50.0,,,,,,,,,
45,93,0.010752688172043012,103,4650,-49.46236559139785,50.0,,,,,,,,,
45,94,0.010638297872340425,103,4700,-49.46808510638298,50.0,,,,,,,,,
46,95,0.010526315789473684,103,4750,-49.473684210526315,50.0,,,,,,,,,
46,96,0.010416666666666666,103,4800,-49.479166666666664,50.0,,,,,,,,,
46,97,0.010309278350515464,103,4850,-49.48453608247423,50.0,,,,,,,,,
47,98,0.01020408163265306,103,4900,-49.48979591836735,50.0,,,,,,,,,
47,99,0.010101010101010102,103,4950,-49.494949494949495,50.0,,,,,,,,,
,,,,5000,,,0.0,-50.0,50.0,,,,,,
98,100,0.01,50,5000,-49.5,50.0,,,,,,,,,
98,101,0.01,51,5050,-49.5,50.0,,,,,,,,,
99,102,0.01,51,5100,-49.5,50.0,,,,,,,,,
99,103,0.01,51,5150,-49.5,50.0,,,,,,,,,
99,104,0.01,52,5200,-49.5,50.0,,,,,,,,,
100,105,0.01,52,5250,-49.5,50.0,,,,,,,,,
100,106,0.01,52,5300,-49.5,50.0,,,,,,,,,
101,107,0.01,52,5350,-49.5,50.0,,,,,,,,,
101,108,0.01,52,5400,-49.5,50.0,,,,,,,,,
102,109,0.01,53,5450,-49.5,50.0,,,,,,,,,
102,110,0.01,53,5500,-49.5,50.0,,,,,,,,,
103,111,0.01,53,5550,-49.5,50.0,,,,,,,,,
103,112,0.01,53,5600,-49.5,50.0,,,,,,,,,
104,113,0.01,54,5650,-49.5,50.0,,,,,,,,,
104,114,0.01,54,5700,-49.5,50.0,,,,,,,,,
105,115,0.01,54,5750,-49.5,50.0,,,,,,,,,
105,116,0.01,54,5800,-49.5,50.0,,,,,,,,,
106,117,0.01,55,5850,-49.5,50.0,,,,,,,,,
106,118,0.01,55,5900,-49.5,50.0,,,,,,,,,
107,119,0.01,55,5950,-49.5,50.0,,,,,,,,,
107,120,0.01,55,6000,-49.5,50.0,,,,,,,,,
108,121,0.01,55,6050,-49.5,50.0,,,,,,,,,
108,122,0.01,56,6100,-49.5,50.0,,,,,,,,,
109,123,0.01,56,6150,-49.5,50.0,,,,,,,,,
109,124,0.01,56,6200,-49.5,50.0,,,,,,,,,
109,125,0.01,56,6250,-49.5,50.0,,,,,,,,,
110,126,0.01,57,6300,-49.5,50.0,,,,,,,,,
110,127,0.01,57,6350,-49.5,50.0,,,,,,,,,
111,128,0.01,57,6400,-49.5,50.0,,,,,,,,,
111,129,0.01,57,6450,-49.5,50.0,,,,,,,,,
112,130,0.01,57,6500,-49.5,50.0,,,,,,,,,
112,131,0.01,58,6550,-49.5,50.0,,,,,,,,,
113,132,0.01,58,6600,-49.5,50.0,,,,,,,,,
113,133,0.01,58,6650,-49.5,50.0,,,,,,,,,
114,134,0.01,58,6700,-49.5,50.0,,,,,,,,,
114,135,0.01,58,6750,-49.5,50.0,,,,,,,,,
115,136,0.01,59,6800,-49.5,50.0,,,,,,,,,
115,137,0.01,59,6850,-49.5,50.0,,,,,,,,,
116,138,0.01,59,6900,-49.5,50.0,,,,,,,,,
116,139,0.01,59,6950,-49.5,50.0,,,,,,,,,
117,140,0.01,59,7000,-49.5,50.0,,,,,,,,,
117,141,0.01,59,7050,-49.5,50.0,,,,,,,,,
118,142,0.01,60,7100,-49.5,50.0,,,,,,,,,
118,143,0.01,60,7150,-49.5,50.0,,,,,,,,,
118,144,0.01,60,7200,-49.5,50.0,,,,,,,,,
119,145,0.01,60,7250,-49.5,50.0,,,,,,,,,
119,146,0.01,60,7300,-49.5,50.0,,,,,,,,,
120,147,0.01,61,7350,-49.5,50.0,,,,,,,,,
120,148,0.01,61,7400,-49.5,50.0,,,,,,,,,
121,149,0.01,61,7450,-49.5,50.0,,,,,,,,,
121,150,0.01,61,7500,-49.18,50.0,,,,,,,,,
122,151,0.01,61,7550,-49.18,50.0,,,,,,,,,
122,152,0.01,61,7600,-49.18,50.0,,,,,,,,,
123,153,0.01,62,7650,-49.18,50.0,,,,,,,,,
123,154,0.01,62,7700,-49.18,50.0,,,,,,,,,
124,155,0.01,62,7750,-49.18,50.0,,,,,,,,,
124,156,0.01,62,7800,-49.18,50.0,,,,,,,,,
125,157,0.01,62,7850,-49.18,50.0,,,,,,,,,
125,158,0.01,62,7900,-49.18,50.0,,,,,,,,,
126,159,0.01,63,7950,-49.18,50.0,,,,,,,,,
126,160,0.01,63,8000,-49.18,50.0,,,,,,,,,
127,161,0.01,63,8050,-49.18,50.0,,,,,,,,,
127,162,0.01,63,8100,-49.18,50.0,,,,,,,,,
128,163,0.01,63,8150,-49.18,50.0,,,,,,,,,
128,164,0.01,63,8200,-49.18,50.0,,,,,,,,,
129,165,0.01,63,8250,-49.18,50.0,,,,,,,,,
129,166,0.01,64,8300,-49.18,50.0,,,,,,,,,
129,167,0.01,64,8350,-49.18,50.0,,,,,,,,,
130,168,0.01,64,8400,-49.18,50.0,,,,,,,,,
130,169,0.01,64,8450,-49.18,50.0,,,,,,,,,
131,170,0.02,64,8500,-49.16,50.0,,,,,,,,,
131,171,0.02,64,8550,-49.16,50.0,,,,,,,,,
132,172,0.02,64,8600,-49.16,50.0,,,,,,,,,
132,173,0.02,65,8650,-49.16,50.0,,,,,,,,,
133,174,0.02,65,8700,-49.16,50.0,,,,,,,,,
133,175,0.02,65,8750,-49.16,50.0,,,,,,,,,
134,176,0.02,65,8800,-49.16,50.0,,,,,,,,,
134,177,0.02,65,8850,-49.16,50.0,,,,,,,,,
135,178,0.02,65,8900,-49.16,50.0,,,,,,,,,
135,179,0.02,65,8950,-49.16,50.0,,,,,,,,,
136,180,0.02,66,9000,-49.16,50.0,,,,,,,,,
136,181,0.02,66,9050,-49.16,50.0,,,,,,,,,
137,182,0.02,66,9100,-49.16,50.0,,,,,,,,,
137,183,0.02,66,9150,-49.16,50.0,,,,,,,,,
138,184,0.02,66,9200,-49.16,50.0,,,,,,,,,
138,185,0.02,66,9250,-49.16,50.0,,,,,,,,,
139,186,0.02,66,9300,-49.16,50.0,,,,,,,,,
139,187,0.02,66,9350,-49.16,50.0,,,,,,,,,
140,188,0.02,67,9400,-49.16,50.0,,,,,,,,,
140,189,0.02,67,9450,-49.16,50.0,,,,,,,,,
141,190,0.01,67,9500,-49.66,50.0,,,,,,,,,
141,191,0.01,67,9550,-49.66,50.0,,,,,,,,,
141,192,0.01,67,9600,-49.66,50.0,,,,,,,,,
142,193,0.01,67,9650,-49.66,50.0,,,,,,,,,
142,194,0.01,67,9700,-49.66,50.0,,,,,,,,,
143,195,0.01,67,9750,-49.66,50.0,,,,,,,,,
143,196,0.01,68,9800,-49.66,50.0,,,,,,,,,
144,197,0.01,68,9850,-49.66,50.0,,,,,,,,,
144,198,0.01,68,9900,-49.66,50.0,,,,,,,,,
145,199,0.01,68,9950,-49.66,50.0,,,,,,,,,
,,,,10000,,,0.01,-49.5,50.0,,,,,,
195,200,0.01,51,10000,-49.66,50.0,,,,,,,,,
196,201,0.01,51,10050,-49.66,50.0,,,,0.0009966503333333333,0.953206479549408,-0.16002820432186127,-3.460783004760742,0.21297790110111237,49
197,202,0.01,51,10100,-49.66,50.0,,,,0.0009966336666666666,0.9068297743797302,-0.3282967805862427,-5.001372814178467,0.15435580909252167,99
198,203,0.01,51,10150,-49.66,50.0,,,,0.000996617,0.8627298474311829,-0.4936571717262268,-6.1899824142456055,0.15278038382530212,149
198,204,0.01,51,10200,-49.66,50.0,,,,0.0009966003333333334,0.8207696080207825,-0.6617954969406128,-7.135768413543701,0.14728601276874542,199
199,205,0.01,51,10250,-49.66,50.0,,,,0.0009965836666666666,0.7808514833450317,-0.8316583633422852,-8.049840927124023,0.17360162734985352,249
200,206,0.01,51,10300,-49.66,50.0,,,,0.000996567,0.7428756952285767,-1.0018051862716675,-8.475550651550293,0.11663255095481873,299
201,207,0.01,51,10350,-49.66,50.0,,,,0.0009965503333333333,0.7067285776138306,-1.1657476425170898,-8.776872634887695,0.11227986216545105,349
202,208,0.01,51,10400,-49.66,50.0,,,,0.0009965336666666667,0.6723461747169495,-1.3372266292572021,-9.138809204101562,0.13200490176677704,399
202,209,0.01,51,10450,-49.66,50.0,,,,0.000996517,0.6396896243095398,-1.5072565078735352,-9.204747200012207,0.24313366413116455,449
203,210,0.01,51,10500,-49.66,50.0,,,,0.0009965003333333334,0.6085957884788513,-1.6654709577560425,-8.958410263061523,0.3005162477493286,499
204,211,0.01,51,10550,-49.66,50.0,,,,0.0009964836666666666,0.5790160298347473,-1.835688591003418,-9.121845245361328,0.370358943939209,549
205,212,0.01,51,10600,-49.66,50.0,,,,0.000996467,0.550885021686554,-1.9961085319519043,-9.079296112060547,0.24855348467826843,599
206,213,0.01,51,10650,-49.66,50.0,,,,0.0009964503333333334,0.5241331458091736,-2.1614439487457275,-8.807090759277344,0.1811009645462036,649
206,214,0.01,51,10700,-49.66,50.0,,,,0.0009964336666666667,0.4986877143383026,-2.341212272644043,-8.555097579956055,0.34857356548309326,699
207,215,0.01,51,10750,-49.66,50.0,,,,0.000996417,0.47451502084732056,-2.5047786235809326,-8.118298530578613,0.3699485659599304,749
208,216,0.01,51,10800,-49.66,50.0,,,,0.0009964003333333333,0.4515194892883301,-2.6646416187286377,-7.734493255615234,0.3316958248615265,799
209,217,0.01,51,10850,-49.66,50.0,,,,0.0009963836666666667,0.4296812415122986,-2.8126869201660156,-7.412487030029297,0.6468347311019897,849
209,218,0.01,51,10900,-49.66,50.0,,,,0.000996367,0.4089457392692566,-2.982320785522461,-7.248128890991211,0.4243059754371643,899
210,219,0.01,51,10950,-49.66,50.0,,,,0.0009963503333333334,0.3892100155353546,-3.13563871383667,-6.367054462432861,0.20229396224021912,949
211,220,0.01,51,11000,-49.66,50.0,,,,0.0009963336666666666,0.37041938304901123,-3.301939010620117,-5.999080181121826,0.25060662627220154,999
212,221,0.01,52,11050,-49.66,50.0,,,,0.000996317,0.35262101888656616,-3.4675469398498535,-5.372899055480957,0.33420121669769287,1049
213,222,0.01,52,11100,-49.66,50.0,,,,0.0009963003333333335,0.33567091822624207,-3.6101717948913574,-5.315255165100098,0.48194658756256104,1099
213,223,0.01,52,11150,-49.66,50.0,,,,0.0009962836666666667,0.3195677697658539,-3.6531662940979004,-5.295712947845459,0.531981348991394,1149
214,224,0.01,52,11200,-49.66,50.0,,,,0.0009962670000000001,0.3043065071105957,-3.878234624862671,-4.540738105773926,0.19506707787513733,1199
215,225,0.01,52,11250,-49.66,50.0,,,,0.0009962503333333333,0.2897590398788452,-4.052582263946533,-4.412330627441406,0.22487446665763855,1249
216,226,0.01,52,11300,-49.66,50.0,,,,0.0009962336666666668,0.2759857773780823,-4.276261329650879,-4.333838939666748,0.5151580572128296,1299
217,227,0.01,52,11350,-49.66,50.0,,,,0.000996217,0.26288437843322754,-4.448040008544922,-3.2632100582122803,0.24434515833854675,1349
217,228,0.01,52,11400,-49.66,50.0,,,,0.0009962003333333334,0.25033172965049744,-4.532071590423584,-3.4948976039886475,0.21282804012298584,1399
218,229,0.01,52,11450,-49.66,50.0,,,,0.0009961836666666666,0.23844383656978607,-4.711124897003174,-3.08660888671875,0.1961018294095993,1449
219,230,0.01,52,11500,-49.66,50.0,,,,0.000996167,0.22706057131290436,-4.68518590927124,-2.7181336879730225,0.4284961223602295,1499
220,231,0.01,52,11550,-49.66,50.0,,,,0.0009961503333333333,0.2162417620420456,-4.937733173370361,-2.003973960876465,0.30399757623672485,1549
221,232,0.01,52,11600,-49.66,50.0,,,,0.0009961336666666667,0.20603080093860626,-5.0018157958984375,-1.697037696838379,0.41054588556289673,1599
222,233,0.01,52,11650,-49.66,50.0,,,,0.0009961170000000001,0.196341410279274,-5.240152359008789,-1.5658247470855713,0.22283796966075897,1649
222,234,0.01,52,11700,-49.66,50.0,,,,0.0009961003333333334,0.18713907897472382,-5.273907661437988,-0.9491682052612305,0.2587836980819702,1699
223,235,0.01,52,11750,-49.66,50.0,,,,0.0009960836666666668,0.17833860218524933,-5.298981666564941,-0.7045972347259521,0.3375205993652344,1749
224,236,0.01,52,11800,-49.66,50.0,,,,0.000996067,0.1699463278055191,-5.670838356018066,-0.9231231212615967,0.17886991798877716,1799
225,237,0.01,52,11850,-49.66,50.0,,,,0.0009960503333333334,0.16196399927139282,-5.74235725402832,-0.40621089935302734,0.23166576027870178,1849
226,238,0.01,52,11900,-49.66,50.0,,,,0.0009960336666666667,0.1543634682893753,-5.941675186157227,0.1640392541885376,0.2276911735534668,1899
226,239,0.01,52,11950,-49.66,50.0,,,,0.000996017,0.14713655412197113,-5.933084487915039,0.23529481887817383,0.28566253185272217,1949
227,240,0.01,52,12000,-49.66,50.0,,,,0.0009960003333333333,0.14022324979305267,-6.251696586608887,0.5429251194000244,0.48295101523399353,1999
228,241,0.01,52,12050,-49.66,50.0,,,,0.0009959836666666667,0.13369318842887878,-5.954353332519531,0.6288608312606812,0.24381163716316223,2049
229,242,0.01,52,12100,-49.66,50.0,,,,0.0009959670000000002,0.1275194138288498,-6.407362461090088,0.6298091411590576,0.18088388442993164,2099
230,243,0.01,52,12150,-49.66,50.0,,,,0.0009959503333333334,0.12156818062067032,-6.520129203796387,0.9301838874816895,0.22667348384857178,2149
231,244,0.01,52,12200,-49.66,50.0,,,,0.0009959336666666668,0.115840844810009,-6.5269575119018555,1.263251781463623,0.16153481602668762,2199
232,245,0.01,52,12250,-49.66,50.0,,,,0.000995917,0.11042343825101852,-6.380035400390625,1.2843464612960815,0.35470110177993774,2249
232,246,0.01,52,12300,-49.66,50.0,,,,0.0009959003333333335,0.10528552532196045,-7.11256217956543,1.9284065961837769,0.13981568813323975,2299
233,247,0.01,52,12350,-49.66,50.0,,,,0.0009958836666666667,0.10034000873565674,-6.896223068237305,1.7671103477478027,0.14159798622131348,2349
234,248,0.01,52,12400,-49.66,50.0,,,,0.0009958669999999999,0.09567747265100479,-7.065908432006836,1.8476383686065674,0.14902104437351227,2399
235,249,0.01,52,12450,-49.66,50.0,,,,0.0009958503333333333,0.09127677232027054,-7.535516262054443,1.760263442993164,0.09306278824806213,2449
236,250,0.01,52,12500,-49.98,50.0,,,,0.0009958336666666665,0.08701722323894501,-7.306813716888428,2.2079100608825684,0.18364906311035156,2499
236,251,0.01,52,12550,-49.98,50.0,,,,0.000995817,0.08303605765104294,-7.793492794036865,2.2752816677093506,0.2422039657831192,2549
237,252,0.01,53,12600,-49.98,50.0,,,,0.0009958003333333334,0.07916074991226196,-7.969331741333008,2.414722204208374,0.13199028372764587,2599
238,253,0.01,53,12650,-49.98,50.0,,,,0.0009957836666666666,0.07549857348203659,-7.738622665405273,2.6034116744995117,0.1584855020046234,2649
239,254,0.01,53,12700,-49.98,50.0,,,,0.000995767,0.07202872633934021,-7.4692792892456055,2.7475929260253906,0.10905783623456955,2699
240,255,0.01,53,12750,-49.98,50.0,,,,0.0009957503333333333,0.06873045116662979,-8.176796913146973,2.635387659072876,0.1760912388563156,2749
240,256,0.02,53,12800,-49.48,50.0,,,,0.0009957336666666667,0.06556666642427444,-7.585907936096191,3.001634359359741,0.16387449204921722,2799
241,257,0.02,53,12850,-49.48,50.0,,,,0.000995717,0.06256755441427231,-8.270438194274902,2.9723823070526123,0.24627342820167542,2849
242,258,0.02,53,12900,-49.48,50.0,,,,0.0009957003333333333,0.0596609003841877,-8.044816970825195,3.1531476974487305,0.15796275436878204,2899
243,259,0.02,53,12950,-49.48,50.0,,,,0.0009956836666666666,0.05693075805902481,-8.129693984985352,3.1692569255828857,0.15470574796199799,2949
244,260,0.02,53,13000,-49.48,50.0,,,,0.000995667,0.05432392656803131,-8.29283332824707,3.350285768508911,0.12582555413246155,2999
245,261,0.02,53,13050,-49.48,50.0,,,,0.0009956503333333334,0.051843974739313126,-8.775394439697266,3.2496418952941895,0.5481371283531189,3049
245,262,0.02,53,13100,-49.48,50.0,,,,0.0009956336666666666,0.04945934936404228,-8.048359870910645,3.843594551086426,0.10491485893726349,3099
246,263,0.02,53,13150,-49.48,50.0,,,,0.000995617,0.04723061993718147,-8.582427978515625,3.659017324447632,0.08044913411140442,3149
247,264,0.02,53,13200,-49.48,50.0,,,,0.0009956003333333333,0.045075174421072006,-8.836429595947266,3.5027694702148438,0.24100154638290405,3199
248,265,0.02,53,13250,-49.48,50.0,,,,0.0009955836666666667,0.04303169995546341,-8.920934677124023,3.3364052772521973,0.3875052034854889,3249
248,266,0.02,53,13300,-49.48,50.0,,,,0.000995567,0.04112875089049339,-9.15229606628418,3.520050525665283,0.12522763013839722,3299
249,267,0.02,53,13350,-49.48,50.0,,,,0.0009955503333333334,0.039302386343479156,-9.677388191223145,3.619053363800049,0.07084475457668304,3349
250,268,0.02,53,13400,-49.48,50.0,,,,0.0009955336666666666,0.037520334124565125,-9.043907165527344,3.544696092605591,0.19765421748161316,3399
251,269,0.02,53,13450,-49.48,50.0,,,,0.000995517,0.035857655107975006,-9.371959686279297,3.8180782794952393,0.07257378101348877,3449
252,270,0.01,53,13500,-49.5,50.0,,,,0.0009955003333333334,0.03420881927013397,-9.310925483703613,4.153105735778809,0.2008795440196991,3499
252,271,0.01,53,13550,-49.5,50.0,,,,0.0009954836666666667,0.032657690346241,-9.082204818725586,3.94272780418396,0.07216992974281311,3549
253,272,0.01,53,13600,-49.5,50.0,,,,0.000995467,0.031196312978863716,-9.363626480102539,3.998647689819336,0.05649496614933014,3599
254,273,0.01,53,13650,-49.5,50.0,,,,0.0009954503333333333,0.029812609776854515,-9.080202102661133,4.118669033050537,0.09299339354038239,3649
255,274,0.01,53,13700,-49.5,50.0,,,,0.0009954336666666667,0.028483116999268532,-8.89237117767334,3.9492721557617188,0.14129240810871124,3699
256,275,0.01,53,13750,-49.5,50.0,,,,0.000995417,0.02722664549946785,-9.275138854980469,4.259696006774902,0.10647416859865189,3749
257,276,0.01,53,13800,-49.5,50.0,,,,0.0009954003333333334,0.026016483083367348,-10.229348182678223,4.0161004066467285,0.12502174079418182,3799
257,277,0.01,53,13850,-49.5,50.0,,,,0.0009953836666666666,0.024889955297112465,-9.407632827758789,4.2746663093566895,0.17656520009040833,3849
258,278,0.01,53,13900,-49.5,50.0,,,,0.000995367,0.02379349060356617,-9.688724517822266,4.211320400238037,0.23385334014892578,3899
259,279,0.01,53,13950,-49.5,50.0,,,,0.0009953503333333333,0.022760821506381035,-9.823690414428711,4.208028793334961,0.2978023886680603,3949
260,280,0.01,53,14000,-49.5,50.0,,,,0.0009953336666666667,0.02176598459482193,-9.844955444335938,4.303574085235596,0.08609047532081604,3999
261,281,0.01,53,14050,-49.5,50.0,,,,0.0009953170000000001,0.020825758576393127,-9.90476131439209,4.3464460372924805,0.1705469787120819,4049
262,282,0.01,53,14100,-49.5,50.0,,,,0.0009953003333333333,0.019932767376303673,-10.284689903259277,4.2664618492126465,0.08817088603973389,4099
262,283,0.01,53,14150,-49.5,50.0,,,,0.0009952836666666668,0.019067859277129173,-10.220100402832031,4.2775163650512695,0.17216557264328003,4149
263,284,0.01,53,14200,-49.5,50.0,,,,0.000995267,0.01825554668903351,-9.798280715942383,4.195483684539795,0.09776601195335388,4199
264,285,0.01,53,14250,-49.5,50.0,,,,0.0009952503333333334,0.017470797523856163,-10.458093643188477,4.2975358963012695,0.07616595923900604,4249
265,286,0.01,53,14300,-49.5,50.0,,,,0.0009952336666666666,0.01670750044286251,-10.007506370544434,4.602114677429199,0.11334050446748734,4299
266,287,0.01,53,14350,-49.5,50.0,,,,0.000995217,0.01599147915840149,-10.264333724975586,4.472211837768555,0.10465417802333832,4349
266,288,0.01,53,14400,-49.5,50.0,,,,0.0009952003333333333,0.01531315129250288,-9.41500473022461,4.3648576736450195,0.3550480008125305,4399
267,289,0.01,53,14450,-49.5,50.0,,,,0.0009951836666666667,0.01468560378998518,-11.265138626098633,4.441878318786621,0.08884705603122711,4449
268,290,0.01,54,14500,-49.5,50.0,,,,0.0009951670000000001,0.0140434755012393,-10.600085258483887,4.490056037902832,0.11234037578105927,4499
269,291,0.01,54,14550,-49.5,50.0,,,,0.0009951503333333334,0.013440027832984924,-9.23544979095459,4.778782844543457,0.17387938499450684,4549
270,292,0.01,54,14600,-49.5,50.0,,,,0.0009951336666666668,0.012856882065534592,-10.941460609436035,4.2743821144104,0.11201781779527664,4599
270,293,0.01,54,14650,-49.5,50.0,,,,0.000995117,0.012316067703068256,-11.0669527053833,4.364795207977295,0.0936550572514534,4649
271,294,0.01,54,14700,-49.5,50.0,,,,0.0009951003333333334,0.011788240633904934,-11.833085060119629,4.368746280670166,0.060783501714468,4699
272,295,0.01,54,14750,-49.5,50.0,,,,0.0009950836666666667,0.011308219283819199,-9.379426956176758,4.718528747558594,0.1352018415927887,4749
273,296,0.01,54,14800,-49.5,50.0,,,,0.000995067,0.010834046639502048,-10.351181983947754,4.703532695770264,0.07655329257249832,4799
274,297,0.01,54,14850,-49.5,50.0,,,,0.0009950503333333333,0.010376624763011932,-10.865455627441406,4.761456489562988,0.19001081585884094,4849
274,298,0.01,54,14900,-49.5,50.0,,,,0.0009950336666666667,0.009924870915710926,-9.462217330932617,4.601616382598877,0.13368648290634155,4899
275,299,0.01,54,14950,-49.5,50.0,,,,0.0009950170000000002,0.009504602290689945,-10.371888160705566,4.645737171173096,0.08970142900943756,4949
,,,,15000,,,0.0,-50.0,50.0,0.0009950003333333334,0.009086769074201584,-9.571033477783203,4.803633213043213,0.08832824230194092,4999
325,300,0.01,46,15000,-49.5,50.0,,,,,,,,,
326,301,0.01,46,15050,-49.5,50.0,,,,0.0009949836666666668,0.00871580932289362,-9.122116088867188,4.565474033355713,0.24565960466861725,5049
327,302,0.01,46,15100,-49.5,50.0,,,,0.000994967,0.008366746827960014,-10.187334060668945,4.503696441650391,0.09817950427532196,5099
327,303,0.01,46,15150,-49.5,50.0,,,,0.0009949503333333335,0.008022506721317768,-10.241241455078125,4.75968599319458,0.18568095564842224,5149
328,304,0.01,46,15200,-49.5,50.0,,,,0.0009949336666666667,0.007696378510445356,-11.247122764587402,4.361522197723389,0.1497000753879547,5199
329,305,0.01,46,15250,-49.5,50.0,,,,0.0009949170000000001,0.007376836147159338,-10.972819328308105,4.754221439361572,0.09924183785915375,5249
330,306,0.01,46,15300,-49.5,50.0,,,,0.0009949003333333333,0.007082501892000437,-10.272875785827637,4.9408369064331055,0.07223258912563324,5299
331,307,0.01,46,15350,-49.5,50.0,,,,0.0009948836666666668,0.0067942203022539616,-10.09643840789795,4.899039268493652,0.2416437417268753,5349
331,308,0.01,46,15400,-49.5,50.0,,,,0.000994867,0.006517877336591482,-9.22053337097168,4.696637153625488,0.12764334678649902,5399
332,309,0.01,46,15450,-49.5,50.0,,,,0.0009948503333333334,0.006256830878555775,-9.195886611938477,4.418835163116455,0.05388028547167778,5449
333,310,0.01,46,15500,-49.5,50.0,,,,0.0009948336666666666,0.006009457167237997,-10.137688636779785,4.622029781341553,0.22325491905212402,5499
334,311,0.01,46,15550,-49.5,50.0,,,,0.000994817,0.0057749077677726746,-10.65310287475586,4.672832489013672,0.06023479253053665,5549
335,312,0.01,46,15600,-49.5,50.0,,,,0.0009948003333333333,0.005547203589230776,-8.747491836547852,4.459662914276123,0.045822300016880035,5599
335,313,0.01,46,15650,-49.5,50.0,,,,0.0009947836666666667,0.005324794910848141,-10.854496002197266,4.600115776062012,0.05940297618508339,5649
336,314,0.01,46,15700,-49.5,50.0,,,,0.000994767,0.005116158165037632,-9.762285232543945,4.802196502685547,0.3613787293434143,5699
337,315,0.01,46,15750,-49.5,50.0,,,,0.0009947503333333333,0.004923463333398104,-10.849061965942383,4.809238433837891,0.1164010614156723,5749
338,316,0.01,46,15800,-49.5,50.0,,,,0.0009947336666666666,0.004723350051790476,-9.002725601196289,4.46639347076416,0.1427219957113266,5799
339,317,0.01,46,15850,-49.5,50.0,,,,0.000994717,0.004537711851298809,-10.304475784301758,4.802961349487305,0.08420506864786148,5849
339,318,0.01,46,15900,-49.5,50.0,,,,0.0009947003333333332,0.004360459744930267,-10.344160079956055,4.38150691986084,0.08542783558368683,5899
340,319,0.01,46,15950,-49.5,50.0,,,,0.0009946836666666666,0.00418701721355319,-9.63426685333252,4.5737504959106445,0.09070711582899094,5949
341,320,0.01,46,16000,-49.5,50.0,,,,0.000994667,0.00405055982992053,-8.684556007385254,4.56097936630249,0.08126160502433777,5999
342,321,0.01,46,16050,-49.5,50.0,,,,0.0009946503333333333,0.003896020818501711,-9.247638702392578,4.659607410430908,0.1510448157787323,6049
343,322,0.01,46,16100,-49.5,50.0,,,,0.0009946336666666667,0.0037407611962407827,-8.490205764770508,4.559380054473877,0.1779625415802002,6099
343,323,0.01,46,16150,-49.5,50.0,,,,0.000994617,0.0036094877868890762,-9.058799743652344,4.858785629272461,0.2654862403869629,6149
344,324,0.01,46,16200,-49.5,50.0,,,,0.0009946003333333334,0.0034749270416796207,-9.899484634399414,4.599558353424072,0.06776098906993866,6199
345,325,0.01,47,16250,-49.5,50.0,,,,0.0009945836666666666,0.0033364209812134504,-10.26028823852539,4.681678771972656,0.11336223781108856,6249
346,326,0.01,47,16300,-49.5,50.0,,,,0.000994567,0.003200550563633442,-9.355987548828125,4.728170871734619,0.09371598809957504,6299
347,327,0.01,47,16350,-49.5,50.0,,,,0.0009945503333333332,0.003071498591452837,-10.268402099609375,4.747565269470215,0.1243332102894783,6349
348,328,0.01,47,16400,-49.5,50.0,,,,0.0009945336666666667,0.002958877943456173,-3.9432806968688965,5.090023994445801,0.10018305480480194,6399
348,329,0.01,47,16450,-49.5,50.0,,,,0.000994517,0.0028531309217214584,-9.597949981689453,4.531483173370361,0.8480530977249146,6449
349,330,0.01,47,16500,-49.5,50.0,,,,0.0009945003333333333,0.0027474297676235437,-7.649415016174316,4.719324111938477,0.08082011342048645,6499
350,331,0.01,47,16550,-49.5,50.0,,,,0.0009944836666666667,0.0026468064170330763,-5.068889617919922,4.92517614364624,0.15580439567565918,6549
351,332,0.01,47,16600,-49.5,50.0,,,,0.000994467,0.0025547302793711424,-9.850828170776367,4.735918045043945,0.08572125434875488,6599
352,333,0.01,47,16650,-49.5,50.0,,,,0.0009944503333333334,0.002451961161568761,-8.4322509765625,4.490163803100586,0.08547770977020264,6649
352,334,0.01,47,16700,-49.5,50.0,,,,0.0009944336666666666,0.00236032297834754,-10.677047729492188,4.655637741088867,0.0655616745352745,6699
353,335,0.01,47,16750,-49.5,50.0,,,,0.000994417,0.0022807258646935225,-6.557147979736328,4.930030822753906,0.11861847341060638,6749
354,336,0.01,47,16800,-49.5,50.0,,,,0.0009944003333333333,0.0022056594025343657,-8.123759269714355,4.778037071228027,0.07433106750249863,6799
355,337,0.01,47,16850,-49.5,50.0,,,,0.0009943836666666667,0.0021314844489097595,-9.171826362609863,4.628310203552246,0.060906726866960526,6849
356,338,0.01,47,16900,-49.5,50.0,,,,0.0009943670000000001,0.0020495890639722347,-6.919034004211426,4.497690200805664,0.10343437641859055,6899
356,339,0.01,47,16950,-49.5,50.0,,,,0.0009943503333333333,0.0019960403442382812,-7.872878074645996,4.541992664337158,0.05464327707886696,6949
357,340,0.01,47,17000,-49.5,50.0,,,,0.0009943336666666668,0.0019302478758618236,-7.786129951477051,4.626746654510498,0.06262282282114029,6999
358,341,0.01,47,17050,-49.5,50.0,,,,0.000994317,0.001875345129519701,-6.0533905029296875,4.740538120269775,0.09048721939325333,7049
359,342,0.01,47,17100,-49.5,50.0,,,,0.0009943003333333334,0.0018147497903555632,-8.048287391662598,4.5509419441223145,0.07738243043422699,7099
360,343,0.01,47,17150,-49.5,50.0,,,,0.0009942836666666666,0.001760086277499795,-5.977075099945068,4.356424331665039,0.11392880976200104,7149
360,344,0.01,47,17200,-49.5,50.0,,,,0.000994267,0.001704768161289394,-8.813732147216797,4.6084771156311035,0.053456272929906845,7199
361,345,0.01,47,17250,-49.5,50.0,,,,0.0009942503333333333,0.0016528978012502193,-5.995449066162109,4.516061305999756,0.042371269315481186,7249
362,346,0.01,47,17300,-49.5,50.0,,,,0.0009942336666666667,0.0016006079968065023,-6.373106956481934,4.823235034942627,0.12618646025657654,7299
363,347,0.01,47,17350,-49.5,50.0,,,,0.000994217,0.0015575799625366926,-9.800765991210938,4.563924789428711,0.035169802606105804,7349
364,348,0.01,47,17400,-49.5,50.0,,,,0.0009942003333333334,0.001499264850281179,-6.722281455993652,4.641889572143555,0.058691754937171936,7399
364,349,0.01,47,17450,-49.5,50.0,,,,0.0009941836666666668,0.0014531532069668174,-5.826756000518799,4.704678058624268,0.12272986024618149,7449
365,350,0.01,47,17500,-49.5,50.0,,,,0.000994167,0.0014114697696641088,-8.602365493774414,4.690667152404785,0.07906444370746613,7499
366,351,0.01,47,17550,-49.5,50.0,,,,0.0009941503333333334,0.001363249379210174,-8.318266868591309,4.36970853805542,0.09665452688932419,7549
367,352,0.01,47,17600,-49.5,50.0,,,,0.0009941336666666667,0.001318355672992766,-5.858781814575195,4.633142471313477,0.1209198385477066,7599
368,353,0.01,47,17650,-49.5,50.0,,,,0.000994117,0.0012770661851391196,-6.879059791564941,4.544277191162109,0.07349255681037903,7649
368,354,0.01,47,17700,-49.5,50.0,,,,0.0009941003333333333,0.001241171034052968,-4.704438209533691,4.828390598297119,0.050698891282081604,7699
369,355,0.01,48,17750,-49.5,50.0,,,,0.0009940836666666667,0.001208753790706396,-5.650831699371338,4.745645999908447,0.09664852917194366,7749
370,356,0.0,48,17800,-50.0,50.0,,,,0.000994067,0.001181335304863751,-6.346129894256592,4.632055282592773,0.07610951364040375,7799
371,357,0.0,48,17850,-50.0,50.0,,,,0.0009940503333333334,0.0011535582598298788,-5.334839820861816,4.477652072906494,0.05268136039376259,7849
372,358,0.0,48,17900,-50.0,50.0,,,,0.0009940336666666668,0.0011276869336143136,-8.003633499145508,4.455910682678223,0.13634629547595978,7899
372,359,0.0,48,17950,-50.0,50.0,,,,0.000994017,0.0010969849536195397,-5.04646110534668,4.560730934143066,0.1073913648724556,7949
373,360,0.0,48,18000,-50.0,50.0,,,,0.0009940003333333335,0.001061596442013979,-6.415583610534668,4.5339131355285645,0.03761338070034981,7999
374,361,0.0,48,18050,-50.0,50.0,,,,0.0009939836666666667,0.0010301804868504405,-6.663451194763184,4.246962547302246,0.09449657797813416,8049
375,362,0.0,48,18100,-50.0,50.0,,,,0.0009939670000000001,0.0010114763863384724,1.3421778678894043,4.706209182739258,0.059893347322940826,8099
376,363,0.0,48,18150,-50.0,50.0,,,,0.0009939503333333333,0.0010144067928195,1.4917594194412231,4.649073600769043,0.2621706426143646,8149
376,364,0.0,48,18200,-50.0,50.0,,,,0.0009939336666666668,0.00101192994043231,7.888769149780273,4.492430686950684,0.062351059168577194,8199
377,365,0.0,48,18250,-50.0,50.0,,,,0.000993917,0.0010142428800463676,-3.3960533142089844,4.616771221160889,0.06739096343517303,8249
378,366,0.0,48,18300,-50.0,50.0,,,,0.0009939003333333334,0.0009822535794228315,-3.9187800884246826,4.360395431518555,0.03561753034591675,8299
379,367,0.0,48,18350,-50.0,50.0,,,,0.0009938836666666668,0.000968777050729841,-1.7731735706329346,4.5091729164123535,0.07763393968343735,8349
380,368,0.0,48,18400,-50.0,50.0,,,,0.000993867,0.000960108358412981,0.3167436122894287,4.5489583015441895,0.09341408312320709,8399
380,369,0.0,48,18450,-50.0,50.0,,,,0.0009938503333333333,0.0009444785537198186,-0.7510969042778015,4.632664203643799,0.06371710449457169,8449
381,370,0.0,48,18500,-50.0,50.0,,,,0.0009938336666666667,0.0009346334845758975,-3.64298939704895,4.653712272644043,0.05123645439743996,8499
382,371,0.0,48,18550,-50.0,50.0,,,,0.000993817,0.0009196112514473498,0.5261770486831665,4.615295886993408,0.06542735546827316,8549
383,372,0.0,48,18600,-50.0,50.0,,,,0.0009938003333333334,0.0009046510676853359,-6.037228584289551,4.586675643920898,0.04110437631607056,8599
384,373,0.0,48,18650,-50.0,50.0,,,,0.0009937836666666666,0.0008743937942199409,-4.711633205413818,4.78809928894043,0.04882088303565979,8649
384,374,0.0,48,18700,-50.0,50.0,,,,0.000993767,0.0008514460641890764,-2.542327404022217,4.784621238708496,0.07053443044424057,8699
385,375,0.0,48,18750,-50.0,50.0,,,,0.0009937503333333332,0.0008321511559188366,-1.6903893947601318,4.7693376541137695,0.11955542117357254,8749
386,376,0.0,48,18800,-50.0,50.0,,,,0.0009937336666666666,0.0008271427941508591,-4.116444110870361,4.685073375701904,0.049291521310806274,8799
387,377,0.0,48,18850,-50.0,50.0,,,,0.000993717,0.000847183633595705,1.1523338556289673,4.627945423126221,0.07078322768211365,8849
388,378,0.0,48,18900,-50.0,50.0,,,,0.0009937003333333333,0.0008391854935325682,-6.3402862548828125,4.413225173950195,0.08871766179800034,8899
388,379,0.0,48,18950,-50.0,50.0,,,,0.0009936836666666667,0.0008103171130642295,-6.302299976348877,4.391711711883545,0.06222769618034363,8949
389,380,0.0,48,19000,-50.0,50.0,,,,0.000993667,0.0007851642440073192,-2.8980166912078857,4.6109232902526855,0.06246611475944519,8999
390,381,0.0,48,19050,-50.0,50.0,,,,0.0009936503333333334,0.0007773982360959053,12.637109756469727,4.545838356018066,0.12298358976840973,9049
391,382,0.0,48,19100,-50.0,50.0,,,,0.0009936336666666666,0.0008192862151190639,2.2153308391571045,4.590181827545166,0.05254374444484711,9099
392,383,0.0,48,19150,-50.0,50.0,,,,0.000993617,0.000833830505143851,1.0293915271759033,4.8348188400268555,0.16928669810295105,9149
393,384,0.0,48,19200,-50.0,50.0,,,,0.0009936003333333332,0.0008392650634050369,-0.779015302658081,4.621629238128662,0.11200150847434998,9199
393,385,0.0,48,19250,-50.0,50.0,,,,0.0009935836666666667,0.0008451787289232016,1.6743066310882568,4.699357986450195,0.08273415267467499,9249
394,386,0.0,48,19300,-50.0,50.0,,,,0.000993567,0.0008495853981003165,-3.4596476554870605,4.436333656311035,0.031809039413928986,9299
395,387,0.0,48,19350,-50.0,50.0,,,,0.0009935503333333333,0.0008319515618495643,-2.731733798980713,4.4899396896362305,0.12107322365045547,9349
396,388,0.0,48,19400,-50.0,50.0,,,,0.0009935336666666668,0.0008212242391891778,0.19801032543182373,4.667881965637207,0.1360587775707245,9399
397,389,0.0,48,19450,-50.0,50.0,,,,0.000993517,0.0008456604555249214,-1.2307929992675781,4.63360595703125,0.042292024940252304,9449
397,390,0.0,49,19500,-50.0,50.0,,,,0.0009935003333333334,0.0008332911529578269,2.010438919067383,4.588483810424805,0.03278052806854248,9499
398,391,0.0,49,19550,-50.0,50.0,,,,0.0009934836666666666,0.0008415095508098602,0.9569345712661743,4.678719997406006,0.051471345126628876,9549
399,392,0.0,49,19600,-50.0,50.0,,,,0.000993467,0.0008414654294028878,0.9928905367851257,4.569787979125977,0.05420240759849548,9599
400,393,0.0,49,19650,-50.0,50.0,,,,0.0009934503333333333,0.0008336193859577179,8.387895584106445,4.626519203186035,0.2153318077325821,9649
401,394,0.0,49,19700,-50.0,50.0,,,,0.0009934336666666667,0.0008470285101793706,0.4154931604862213,4.389238357543945,0.058513496071100235,9699
401,395,0.0,49,19750,-50.0,50.0,,,,0.000993417,0.0008707323577255011,-2.9868388175964355,4.408100605010986,0.29111072421073914,9749
402,396,0.0,49,19800,-50.0,50.0,,,,0.0009934003333333333,0.0008724621147848666,10.067164421081543,4.698598384857178,0.14647334814071655,9799
403,397,0.0,49,19850,-50.0,50.0,,,,0.0009933836666666668,0.0009392634383402765,-2.349726438522339,4.547215461730957,0.05441676825284958,9849
404,398,0.0,49,19900,-50.0,50.0,,,,0.000993367,0.0009479025611653924,1.1840229034423828,4.773938179016113,0.05504380166530609,9899
405,399,0.0,49,19950,-50.0,50.0,,,,0.0009933503333333334,0.0009722289396449924,3.919135570526123,4.658990859985352,0.1294575333595276,9949
,,,,20000,,,0.0,-50.0,50.0,0.0009933336666666666,0.0009728976292535663,-2.032203435897827,4.6270904541015625,0.05706051364541054,9999
455,400,0.0,43,20000,-50.0,50.0,,,,,,,,,
456,401,0.0,43,20050,-50.0,50.0,,,,0.000993317,0.0009700006921775639,-1.513716459274292,4.590061664581299,0.06628017127513885,10049
456,402,0.0,43,20100,-50.0,50.0,,,,0.0009933003333333333,0.0009556851582601666,-0.3787253499031067,4.624429702758789,0.06700485199689865,10099
457,403,0.0,44,20150,-50.0,50.0,,,,0.0009932836666666667,0.0009863510495051742,4.583857536315918,4.668663501739502,0.061611052602529526,10149
458,404,0.0,44,20200,-50.0,50.0,,,,0.000993267,0.0010549052385613322,10.862342834472656,4.773740768432617,0.06554153561592102,10199
459,405,0.0,44,20250,-50.0,50.0,,,,0.0009932503333333334,0.001080139889381826,-2.9299983978271484,4.610213279724121,0.05453352630138397,10249
460,406,0.0,44,20300,-50.0,50.0,,,,0.0009932336666666668,0.0010615007486194372,1.48628568649292,4.374459743499756,0.05249880254268646,10299
461,407,0.0,44,20350,-50.0,50.0,,,,0.000993217,0.001057140063494444,-1.9478554725646973,4.7729034423828125,0.0885353535413742,10349
461,408,0.0,44,20400,-50.0,50.0,,,,0.0009932003333333334,0.0010189497843384743,3.520474672317505,4.807657241821289,0.07777159661054611,10399
462,409,0.0,44,20450,-50.0,50.0,,,,0.0009931836666666667,0.0010971005540341139,9.726682662963867,4.684750080108643,0.04018372297286987,10449
463,410,0.0,44,20500,-50.0,50.0,,,,0.000993167,0.00110807444434613,-4.54668664932251,4.709361553192139,0.052750058472156525,10499
464,411,0.0,44,20550,-50.0,50.0,,,,0.0009931503333333333,0.0010627860901877284,-4.246750831604004,4.446315288543701,0.028679294511675835,10549
465,412,0.0,44,20600,-50.0,50.0,,,,0.0009931336666666667,0.001043363707140088,-5.37960147857666,4.522371768951416,0.10848751664161682,10599
465,413,0.0,44,20650,-50.0,50.0,,,,0.000993117,0.001020279130898416,-0.05298665165901184,4.465060710906982,0.0639415979385376,10649
466,414,0.0,44,20700,-50.0,50.0,,,,0.0009931003333333334,0.000993228517472744,1.049892544746399,4.524357318878174,0.08483019471168518,10699
467,415,0.0,44,20750,-50.0,50.0,,,,0.0009930836666666668,0.0009887171909213066,0.8120160698890686,4.521489143371582,0.17399415373802185,10749
468,416,0.0,44,20800,-50.0,50.0,,,,0.000993067,0.0010268337791785598,4.055700778961182,4.470726490020752,0.08483494073152542,10799
469,417,0.0,44,20850,-50.0,50.0,,,,0.0009930503333333335,0.0010386273497715592,0.7439014315605164,4.693915843963623,0.06812922656536102,10849
469,418,0.0,44,20900,-50.0,50.0,,,,0.0009930336666666667,0.0010291970102116466,-1.9463615417480469,4.278862476348877,0.02460417151451111,10899
470,419,0.0,44,20950,-50.0,50.0,,,,0.0009930170000000001,0.0010168326552957296,-6.645453453063965,4.408681392669678,0.03703425079584122,10949
471,420,0.0,44,21000,-50.0,50.0,,,,0.0009930003333333333,0.0009771982440724969,-2.5744214057922363,4.517240047454834,0.05174238979816437,10999
472,421,0.0,44,21050,-50.0,50.0,,,,0.0009929836666666668,0.0009647788829170167,-2.9399752616882324,4.577489852905273,0.1184559166431427,11049
473,422,0.0,44,21100,-50.0,50.0,,,,0.000992967,0.0009245872497558594,-4.894060134887695,4.6569600105285645,0.04517211392521858,11099
473,423,0.0,44,21150,-50.0,50.0,,,,0.0009929503333333334,0.0009156666928902268,-0.9349302053451538,4.415189266204834,0.02481088787317276,11149
474,424,0.0,44,21200,-50.0,50.0,,,,0.0009929336666666666,0.0009364339639432728,5.144835472106934,4.441763877868652,0.05640187859535217,11199
475,425,0.0,44,21250,-50.0,50.0,,,,0.000992917,0.0009453824022784829,-5.8336639404296875,4.604822158813477,0.05223846435546875,11249
476,426,0.0,44,21300,-50.0,50.0,,,,0.0009929003333333335,0.0008980395505204797,0.6412162780761719,4.575591564178467,0.12463758885860443,11299
477,427,0.0,44,21350,-50.0,50.0,,,,0.0009928836666666667,0.0008955144439823925,-1.7030177116394043,4.5100202560424805,0.10524943470954895,11349
477,428,0.0,44,21400,-50.0,50.0,,,,0.0009928670000000001,0.0008820398943498731,-2.1448140144348145,4.493330001831055,0.09175077080726624,11399
478,429,0.0,44,21450,-50.0,50.0,,,,0.0009928503333333334,0.0008557671098969877,6.436697006225586,4.815284252166748,0.05002952367067337,11449
479,430,0.0,44,21500,-50.0,50.0,,,,0.0009928336666666666,0.0008884790004231036,3.719594955444336,4.60869836807251,0.0550273135304451,11499
480,431,0.0,44,21550,-50.0,50.0,,,,0.000992817,0.0009301541722379625,-1.6502639055252075,4.536270618438721,0.035946622490882874,11549
481,432,0.0,44,21600,-50.0,50.0,,,,0.0009928003333333332,0.0009345318539999425,-3.4783506393432617,4.4002580642700195,0.06858634203672409,11599
481,433,0.0,44,21650,-50.0,50.0,,,,0.0009927836666666667,0.0008987737819552422,-3.3839237689971924,4.6301188468933105,0.103683702647686,11649
482,434,0.0,44,21700,-50.0,50.0,,,,0.0009927669999999999,0.0008695818250998855,-1.3624324798583984,4.758711814880371,0.06449958682060242,11699
483,435,0.0,44,21750,-50.0,50.0,,,,0.0009927503333333333,0.000860354513861239,-2.131722927093506,4.552248477935791,0.07399336993694305,11749
484,436,0.0,45,21800,-50.0,50.0,,,,0.0009927336666666667,0.0008481399272568524,4.947785377502441,4.639659404754639,0.040064744651317596,11799
485,437,0.0,45,21850,-50.0,50.0,,,,0.000992717,0.0008875191560946405,4.168051242828369,4.4573564529418945,0.0576571449637413,11849
485,438,0.0,45,21900,-50.0,50.0,,,,0.0009927003333333334,0.0009101387113332748,0.11069393157958984,4.517361640930176,0.0714530348777771,11899
486,439,0.0,45,21950,-50.0,50.0,,,,0.0009926836666666666,0.0009685253608040512,14.870487213134766,4.414449214935303,0.26172012090682983,11949
487,440,0.0,45,22000,-50.0,50.0,,,,0.000992667,0.0011184967588633299,14.094574928283691,4.7216291427612305,0.05803625285625458,11999
488,441,0.0,45,22050,-50.0,50.0,,,,0.0009926503333333332,0.0011840354418382049,-4.562847137451172,4.698890209197998,0.09675219655036926,12049
489,442,0.0,45,22100,-50.0,50.0,,,,0.0009926336666666667,0.0011451318860054016,-1.2012803554534912,4.773234844207764,0.11394798755645752,12099
490,443,0.0,45,22150,-50.0,50.0,,,,0.000992617,0.0011132205836474895,-6.566133499145508,4.524683475494385,0.04697979986667633,12149
490,444,0.0,45,22200,-50.0,50.0,,,,0.0009926003333333333,0.0010739165591076016,-4.891700744628906,4.380857944488525,0.11504743248224258,12199
491,445,0.0,45,22250,-50.0,50.0,,,,0.0009925836666666668,0.001038553542457521,-1.4125070571899414,4.806580543518066,0.11755601316690445,12249
492,446,0.0,45,22300,-50.0,50.0,,,,0.000992567,0.0010261137504130602,-2.0412020683288574,4.355352878570557,0.03766201436519623,12299
493,447,0.0,45,22350,-50.0,50.0,,,,0.0009925503333333334,0.0010175034403800964,1.7399612665176392,4.670982837677002,0.07344536483287811,12349
494,448,0.0,45,22400,-50.0,50.0,,,,0.0009925336666666666,0.0010148350847885013,-0.704859733581543,4.291221618652344,0.04173500835895538,12399
494,449,0.0,45,22450,-50.0,50.0,,,,0.000992517,0.0010168306762352586,4.12739372253418,4.578569412231445,0.08905813097953796,12449
495,450,0.0,45,22500,-50.0,50.0,,,,0.0009925003333333333,0.0010184120619669557,0.060291945934295654,4.431868553161621,0.06834299862384796,12499
496,451,0.0,45,22550,-50.0,50.0,,,,0.0009924836666666667,0.0009984270436689258,-4.621738910675049,4.699234485626221,0.14438962936401367,12549
497,452,0.0,45,22600,-50.0,50.0,,,,0.000992467,0.0009612655267119408,-2.864032030105591,4.689345836639404,0.058631040155887604,12599
498,453,0.0,45,22650,-50.0,50.0,,,,0.0009924503333333333,0.0009513497934676707,-1.044144868850708,4.3244404792785645,0.05843696370720863,12649
498,454,0.0,45,22700,-50.0,50.0,,,,0.0009924336666666668,0.0009561021579429507,-1.8334568738937378,4.580729007720947,0.024584490805864334,12699
499,455,0.0,45,22750,-50.0,50.0,,,,0.000992417,0.0009502354077994823,-0.9150550365447998,4.554405689239502,0.08679652959108353,12749
500,456,0.0,45,22800,-50.0,50.0,,,,0.0009924003333333334,0.0009393722284585238,-0.5130041837692261,4.70697021484375,0.09408874064683914,12799
501,457,0.0,45,22850,-50.0,50.0,,,,0.0009923836666666666,0.0009240513318218291,-3.687973737716675,4.46717643737793,0.09199167042970657,12849
502,458,0.0,45,22900,-50.0,50.0,,,,0.000992367,0.0009478789870627224,22.57567024230957,4.43949031829834,0.06586959958076477,12899
503,459,0.0,45,22950,-50.0,50.0,,,,0.0009923503333333333,0.0010152492905035615,1.0272034406661987,4.573493480682373,0.04428613558411598,12949
503,460,0.0,45,23000,-50.0,50.0,,,,0.0009923336666666667,0.001029101898893714,2.152750015258789,4.456890106201172,0.03934815526008606,12999
504,461,0.0,45,23050,-50.0,50.0,,,,0.000992317,0.0010377001017332077,1.0848534107208252,4.366296768188477,0.05583514645695686,13049
505,462,0.0,45,23100,-50.0,50.0,,,,0.0009923003333333334,0.0010475103044882417,-3.2192516326904297,4.3521270751953125,0.03338749706745148,13099
506,463,0.0,45,23150,-50.0,50.0,,,,0.0009922836666666668,0.0010381410829722881,1.4959980249404907,4.830885410308838,0.06644739210605621,13149
507,464,0.0,45,23200,-50.0,50.0,,,,0.000992267,0.001036082860082388,-0.13920187950134277,4.6608476638793945,0.05027852952480316,13199
507,465,0.0,45,23250,-50.0,50.0,,,,0.0009922503333333335,0.0010368636576458812,1.2727508544921875,4.543985366821289,0.03204138204455376,13249
508,466,0.0,45,23300,-50.0,50.0,,,,0.0009922336666666667,0.0010442635975778103,0.6480892896652222,4.460244655609131,0.02478841505944729,13299
509,467,0.0,45,23350,-50.0,50.0,,,,0.000992217,0.0010688273468986154,1.8636027574539185,4.678381443023682,0.15650677680969238,13349
510,468,0.0,45,23400,-50.0,50.0,,,,0.0009922003333333333,0.00107983045745641,2.7933897972106934,4.628559589385986,0.0649520605802536,13399
511,469,0.0,45,23450,-50.0,50.0,,,,0.0009921836666666667,0.0010843107011169195,-0.19555890560150146,4.351195812225342,0.03523791581392288,13449
512,470,0.0,45,23500,-50.0,50.0,,,,0.000992167,0.0010903030633926392,0.4403790235519409,4.511064529418945,0.05996210128068924,13499
512,471,0.0,45,23550,-50.0,50.0,,,,0.0009921503333333334,0.0010767655912786722,-4.728503704071045,4.4756999015808105,0.0283781997859478,13549
513,472,0.0,45,23600,-50.0,50.0,,,,0.0009921336666666666,0.0010493519948795438,-3.0497324466705322,4.497074127197266,0.03542238473892212,13599
514,473,0.0,45,23650,-50.0,50.0,,,,0.000992117,0.0010577546199783683,1.8325655460357666,4.480404376983643,0.17321664094924927,13649
515,474,0.0,45,23700,-50.0,50.0,,,,0.0009921003333333335,0.001104084076359868,5.242434501647949,4.293283939361572,0.06473816931247711,13699
516,475,0.0,46,23750,-50.0,50.0,,,,0.0009920836666666667,0.0011091296328231692,-5.455681800842285,4.392126560211182,0.029841044917702675,13749
516,476,0.0,46,23800,-50.0,50.0,,,,0.0009920670000000001,0.0010704267770051956,-1.0873090028762817,4.586343765258789,0.08016461879014969,13799
517,477,0.0,46,23850,-50.0,50.0,,,,0.0009920503333333333,0.0010681720450520515,-0.7429168224334717,4.391225814819336,0.04689003527164459,13849
518,478,0.0,46,23900,-50.0,50.0,,,,0.0009920336666666668,0.0010540364310145378,0.03719472885131836,4.558700084686279,0.060155633836984634,13899
519,479,0.0,46,23950,-50.0,50.0,,,,0.000992017,0.001037244452163577,-1.1322972774505615,4.386805534362793,0.045342233031988144,13949
520,480,0.0,46,24000,-50.0,50.0,,,,0.0009920003333333334,0.0010027703829109669,-3.7185897827148438,4.364896774291992,0.07476934790611267,13999
520,481,0.0,46,24050,-50.0,50.0,,,,0.0009919836666666666,0.0009797224774956703,-1.4897310733795166,4.3444671630859375,0.17350861430168152,14049
521,482,0.0,46,24100,-50.0,50.0,,,,0.000991967,0.0009890968212857842,3.420095920562744,4.554942607879639,0.04397859051823616,14099
522,483,0.0,46,24150,-50.0,50.0,,,,0.0009919503333333335,0.0010169291635975242,-5.284882545471191,4.342580795288086,0.017995068803429604,14149
523,484,0.0,46,24200,-50.0,50.0,,,,0.0009919336666666667,0.0009697708301246166,-2.3104310035705566,4.478291988372803,0.05669919028878212,14199
524,485,0.0,46,24250,-50.0,50.0,,,,0.0009919170000000001,0.0009705295087769628,-0.6342394351959229,4.318732261657715,0.048126887530088425,14249
524,486,0.0,46,24300,-50.0,50.0,,,,0.0009919003333333334,0.0009438609122298658,-0.36638393998146057,4.429454326629639,0.0734742134809494,14299
525,487,0.0,46,24350,-50.0,50.0,,,,0.0009918836666666668,0.0009586586966179311,0.4749336242675781,4.305130958557129,0.03965604305267334,14349
526,488,0.0,46,24400,-50.0,50.0,,,,0.000991867,0.0009653227753005922,0.2357558012008667,4.562230110168457,0.05663013458251953,14399
527,489,0.0,46,24450,-50.0,50.0,,,,0.0009918503333333332,0.0009654448367655277,1.7254183292388916,4.507716178894043,0.06127874553203583,14449
528,490,0.0,46,24500,-50.0,50.0,,,,0.0009918336666666667,0.0010082540102303028,2.279329776763916,4.319766998291016,0.07299279421567917,14499
529,491,0.0,46,24550,-50.0,50.0,,,,0.0009918169999999999,0.001047374913468957,0.40409839153289795,4.259249210357666,0.030242590233683586,14549
529,492,0.0,46,24600,-50.0,50.0,,,,0.0009918003333333333,0.0010566008277237415,-1.0712339878082275,4.38820743560791,0.051261842250823975,14599
530,493,0.0,46,24650,-50.0,50.0,,,,0.0009917836666666667,0.001045975019223988,1.617587685585022,4.441826343536377,0.22284993529319763,14649
531,494,0.0,46,24700,-50.0,50.0,,,,0.000991767,0.00109472859185189,4.022315979003906,4.523947715759277,0.036372147500514984,14699
532,495,0.0,46,24750,-50.0,50.0,,,,0.0009917503333333334,0.001123586785979569,-0.756192684173584,4.477853775024414,0.1643916368484497,14749
533,496,0.0,46,24800,-50.0,50.0,,,,0.0009917336666666666,0.0011192276142537594,10.796510696411133,4.500800609588623,0.10399489104747772,14799
533,497,0.0,46,24850,-50.0,50.0,,,,0.000991717,0.0012672602897509933,-1.0115991830825806,4.553667068481445,0.06170449033379555,14849
534,498,0.0,46,24900,-50.0,50.0,,,,0.0009917003333333332,0.0012584481155499816,-3.8936452865600586,4.519853591918945,0.042401157319545746,14899
535,499,0.0,46,24950,-50.0,50.0,,,,0.0009916836666666667,0.0011962618445977569,-3.8253819942474365,4.522324562072754,0.03693309798836708,14949
,,,,25000,,,0.0,-49.99,50.0,0.000991667,0.001165259163826704,-1.0194445848464966,4.469847679138184,0.047931745648384094,14999
585,500,0.0,42,25000,-50.0,50.0,,,,,,,,,
586,501,0.0,42,25050,-50.0,50.0,,,,0.0009916503333333333,0.0011461458634585142,-6.35197114944458,4.413571834564209,0.06713983416557312,15049
586,502,0.0,42,25100,-50.0,50.0,,,,0.0009916336666666668,0.001112092169933021,-6.049360275268555,4.47076940536499,0.06884987652301788,15099
587,503,0.0,42,25150,-50.0,50.0,,,,0.000991617,0.0010609097080305219,-2.902324676513672,4.388768196105957,0.0378316268324852,15149
588,504,0.0,42,25200,-50.0,50.0,,,,0.0009916003333333334,0.0010424958309158683,0.5177944898605347,4.501027584075928,0.08454394340515137,15199
589,505,0.0,42,25250,-50.0,50.0,,,,0.0009915836666666666,0.0010257542598992586,-0.8955126404762268,4.486737251281738,0.04141867160797119,15249
590,506,0.0,42,25300,-50.0,50.0,,,,0.000991567,0.0010352007811889052,-4.2109785079956055,4.682794570922852,0.10809222608804703,15299
591,507,0.0,42,25350,-50.0,50.0,,,,0.0009915503333333333,0.0009945587953552604,1.003552794456482,4.384610176086426,0.10414374619722366,15349
591,508,0.0,42,25400,-50.0,50.0,,,,0.0009915336666666667,0.0009936528513208032,-1.278552532196045,4.35801362991333,0.08189861476421356,15399
592,509,0.0,42,25450,-50.0,50.0,,,,0.000991517,0.0009944901103153825,-1.7386102676391602,4.615281581878662,0.06032553315162659,15449
593,510,0.0,42,25500,-50.0,50.0,,,,0.0009915003333333334,0.000950322428252548,-4.333463191986084,4.450981616973877,0.03096809796988964,15499
594,511,0.0,42,25550,-50.0,50.0,,,,0.0009914836666666666,0.0009121337789110839,-2.9950482845306396,4.498164653778076,0.0366559773683548,15549
595,512,0.0,43,25600,-50.0,50.0,,,,0.000991467,0.0008932009222917259,-1.3507070541381836,4.2818169593811035,0.06512028723955154,15599
595,513,0.0,43,25650,-50.0,50.0,,,,0.0009914503333333334,0.0008725981460884213,-2.1254429817199707,4.630105018615723,0.032080650329589844,15649
596,514,0.0,43,25700,-50.0,50.0,,,,0.0009914336666666666,0.0008529487531632185,-0.15786311030387878,4.367896556854248,0.04779704660177231,15699
597,515,0.0,43,25750,-50.0,50.0,,,,0.000991417,0.0008486557635478675,3.040501832962036,4.571804046630859,0.06272049993276596,15749
598,516,0.0,43,25800,-50.0,50.0,,,,0.0009914003333333333,0.0008691008551977575,-1.1176718473434448,4.399375915527344,0.04256514832377434,15799
599,517,0.0,43,25850,-50.0,50.0,,,,0.0009913836666666667,0.0008639669977128506,-2.8746719360351562,4.455090045928955,0.036535464227199554,15849
599,518,0.0,43,25900,-50.0,50.0,,,,0.000991367,0.0008302273345179856,-4.96450662612915,4.5307135581970215,0.05971604585647583,15899
600,519,0.0,43,25950,-50.0,50.0,,,,0.0009913503333333334,0.0008163073216564953,-1.2607808113098145,4.548760890960693,0.08252030611038208,15949
601,520,0.0,43,26000,-50.0,50.0,,,,0.0009913336666666666,0.0008005967829376459,-1.171665072441101,4.408585548400879,0.12351401150226593,15999
602,521,0.0,43,26050,-50.0,50.0,,,,0.000991317,0.0008154973038472235,0.054499924182891846,4.444746494293213,0.056222058832645416,16049
603,522,0.0,43,26100,-50.0,50.0,,,,0.0009913003333333335,0.0008311803685501218,0.32112348079681396,4.5251688957214355,0.03390158712863922,16099
603,523,0.0,43,26150,-50.0,50.0,,,,0.0009912836666666667,0.0008097083773463964,-6.805366516113281,4.344948768615723,0.07153230905532837,16149
604,524,0.0,43,26200,-50.0,50.0,,,,0.000991267,0.0007523073581978679,-5.322061061859131,4.37850284576416,0.03627824783325195,16199
605,525,0.0,43,26250,-50.0,50.0,,,,0.0009912503333333333,0.0007322710007429123,3.065951108932495,4.411035537719727,0.12263172119855881,16249
606,526,0.0,43,26300,-50.0,50.0,,,,0.0009912336666666668,0.0007712263613939285,-3.193784475326538,4.447767734527588,0.032329149544239044,16299
607,527,0.0,43,26350,-50.0,50.0,,,,0.000991217,0.000745879951864481,0.9021346569061279,4.579727649688721,0.06861694157123566,16349
607,528,0.0,43,26400,-50.0,50.0,,,,0.0009912003333333334,0.0007577093783766031,3.5863285064697266,4.492361068725586,0.03871801495552063,16399
608,529,0.0,43,26450,-50.0,50.0,,,,0.0009911836666666666,0.0008006941061466932,4.7549052238464355,4.533847332000732,0.061647720634937286,16449
609,530,0.0,43,26500,-50.0,50.0,,,,0.000991167,0.0008406962151639163,4.336411476135254,4.446017742156982,0.07074814289808273,16499
610,531,0.0,43,26550,-50.0,50.0,,,,0.0009911503333333335,0.0008928721654228866,-1.921190619468689,4.525055885314941,0.06575168669223785,16549
611,532,0.0,43,26600,-50.0,50.0,,,,0.0009911336666666667,0.000881417712662369,0.21887502074241638,4.750089168548584,0.12139081954956055,16599
611,533,0.0,43,26650,-50.0,50.0,,,,0.0009911170000000001,0.0008572124061174691,5.1161322593688965,4.4037885665893555,0.08764765411615372,16649
612,534,0.0,43,26700,-50.0,50.0,,,,0.0009911003333333333,0.0009045950137078762,1.1089246273040771,4.5866193771362305,0.06397578865289688,16699
613,535,0.0,43,26750,-50.0,50.0,,,,0.0009910836666666668,0.0009456799598410726,4.6218671798706055,4.637417793273926,0.10848936438560486,16749
614,536,0.0,43,26800,-50.0,50.0,,,,0.000991067,0.0009737808723002672,-0.27472198009490967,4.6508965492248535,0.11720144003629684,16799
615,537,0.0,43,26850,-50.0,50.0,,,,0.0009910503333333334,0.0009714183979667723,-1.2244153022766113,4.573750972747803,0.09236855059862137,16849
615,538,0.0,43,26900,-50.0,50.0,,,,0.0009910336666666666,0.0009634612943045795,0.88624107837677,4.550753593444824,0.06893578171730042,16899
616,539,0.0,43,26950,-50.0,50.0,,,,0.000991017,0.0009582610218785703,2.451827049255371,4.749884128570557,0.07836849987506866,16949
617,540,0.0,43,27000,-50.0,50.0,,,,0.0009910003333333333,0.0009787894086912274,-1.7608476877212524,4.631730079650879,0.04293287917971611,16999
618,541,0.0,43,27050,-50.0,50.0,,,,0.0009909836666666667,0.0009577010059729218,-1.545203447341919,4.732766628265381,0.07690178602933884,17049
619,542,0.0,43,27100,-50.0,50.0,,,,0.0009909670000000001,0.0009206590475514531,-3.7654507160186768,4.702986240386963,0.06537307798862457,17099
620,543,0.0,43,27150,-50.0,50.0,,,,0.0009909503333333334,0.0008799760253168643,-3.824484348297119,4.4322919845581055,0.04940347746014595,17149
620,544,0.0,43,27200,-50.0,50.0,,,,0.0009909336666666668,0.0008470882894471288,0.6831018924713135,4.5120978355407715,0.05401740223169327,17199
621,545,0.0,43,27250,-50.0,50.0,,,,0.000990917,0.0008525596931576729,3.3535118103027344,4.5161614418029785,0.06334544718265533,17249
622,546,0.0,43,27300,-50.0,50.0,,,,0.0009909003333333334,0.0009272177703678608,5.088476181030273,4.215800762176514,0.049478769302368164,17299
623,547,0.0,43,27350,-50.0,50.0,,,,0.0009908836666666667,0.0009602539357729256,-2.3598244190216064,4.580850124359131,0.06111210584640503,17349
624,548,0.0,43,27400,-50.0,50.0,,,,0.000990867,0.0009430614300072193,-1.1292202472686768,4.582316875457764,0.11996150016784668,17399
624,549,0.0,43,27450,-50.0,50.0,,,,0.0009908503333333333,0.000906139612197876,-3.123764991760254,4.4422760009765625,0.03920421376824379,17449
625,550,0.0,43,27500,-50.0,50.0,,,,0.0009908336666666667,0.0008778448682278395,-2.204339027404785,4.482848644256592,0.03211676701903343,17499
626,551,0.0,43,27550,-50.0,50.0,,,,0.000990817,0.0008451335015706718,-1.3856849670410156,4.534233093261719,0.041084058582782745,17549
627,552,0.0,43,27600,-50.0,50.0,,,,0.0009908003333333334,0.0008186749764718115,-5.331419467926025,4.399190902709961,0.1365719437599182,17599
628,553,0.0,44,27650,-50.0,50.0,,,,0.0009907836666666666,0.000783394614700228,-1.7119858264923096,4.296371936798096,0.02785331755876541,17649
628,554,0.0,44,27700,-50.0,50.0,,,,0.000990767,0.0007623507408425212,-0.21291017532348633,4.661559581756592,0.030361898243427277,17699
629,555,0.0,44,27750,-50.0,50.0,,,,0.0009907503333333333,0.0007402935880236328,-1.8550443649291992,4.413480758666992,0.055006932467222214,17749
630,556,0.0,44,27800,-50.0,50.0,,,,0.0009907336666666667,0.0007365050842054188,-2.726680278778076,4.511166572570801,0.04671287536621094,17799
631,557,0.0,44,27850,-50.0,50.0,,,,0.000990717,0.0007218951359391212,-1.1136585474014282,4.585428237915039,0.03781057149171829,17849
632,558,0.0,44,27900,-50.0,50.0,,,,0.0009907003333333333,0.0007165304850786924,-4.264361381530762,4.547178268432617,0.04892856627702713,17899
633,559,0.0,44,27950,-50.0,50.0,,,,0.0009906836666666665,0.0006929998053237796,-3.210256814956665,4.377115726470947,0.026970274746418,17949
633,560,0.0,44,28000,-50.0,50.0,,,,0.000990667,0.000676252820994705,-3.002405881881714,4.40747594833374,0.08644265681505203,17999
634,561,0.0,44,28050,-50.0,50.0,,,,0.0009906503333333334,0.0006461255252361298,-2.7968287467956543,4.594841957092285,0.13513782620429993,18049
635,562,0.0,44,28100,-50.0,50.0,,,,0.0009906336666666666,0.0006218613707460463,-0.8051924705505371,4.402466297149658,0.05167616158723831,18099
636,563,0.0,44,28150,-50.0,50.0,,,,0.000990617,0.0006095112767070532,-0.249099001288414,4.5150275230407715,0.027536101639270782,18149
637,564,0.0,44,28200,-50.0,50.0,,,,0.0009906003333333333,0.0006571181584149599,3.2628698348999023,4.628342151641846,0.25816088914871216,18199
637,565,0.0,44,28250,-50.0,50.0,,,,0.0009905836666666667,0.0006586638046428561,15.329578399658203,4.529485702514648,0.07290451973676682,18249
638,566,0.0,44,28300,-50.0,50.0,,,,0.000990567,0.0007062052027322352,-3.209807872772217,4.297780990600586,0.11315049231052399,18299
639,567,0.0,44,28350,-50.0,50.0,,,,0.0009905503333333334,0.0006911185337230563,-1.6242728233337402,4.326050281524658,0.08276192098855972,18349
640,568,0.0,44,28400,-50.0,50.0,,,,0.0009905336666666666,0.000689151871483773,3.49635648727417,4.478407859802246,0.04107743501663208,18399
641,569,0.0,44,28450,-50.0,50.0,,,,0.000990517,0.0007095238543115556,1.607265830039978,4.541990280151367,0.11942186951637268,18449
641,570,0.0,44,28500,-50.0,50.0,,,,0.0009905003333333334,0.0007728314376436174,3.2467808723449707,4.645503520965576,0.2944081425666809,18499
642,571,0.0,44,28550,-50.0,50.0,,,,0.0009904836666666667,0.0007967373239807785,-4.744672775268555,4.40014123916626,0.07811296731233597,18549
643,572,0.0,44,28600,-50.0,50.0,,,,0.000990467,0.0007725860923528671,2.170807361602783,4.496054172515869,0.06353619694709778,18599
644,573,0.0,44,28650,-50.0,50.0,,,,0.0009904503333333333,0.0007778550498187542,-0.4012233018875122,4.558278560638428,0.024231242015957832,18649
645,574,0.0,44,28700,-50.0,50.0,,,,0.0009904336666666667,0.0007913702866062522,4.3418145179748535,4.3558878898620605,0.0750536397099495,18699
646,575,0.0,44,28750,-50.0,50.0,,,,0.000990417,0.0008040618267841637,3.304823637008667,4.693588733673096,0.09661611169576645,18749
646,576,0.0,44,28800,-50.0,50.0,,,,0.0009904003333333334,0.0007994485204108059,-0.08716535568237305,4.463245868682861,0.07099750638008118,18799
647,577,0.01,44,28850,-49.5,50.0,,,,0.0009903836666666666,0.0008018399821594357,-0.34175431728363037,4.28771448135376,0.036414578557014465,18849
648,578,0.01,44,28900,-49.5,50.0,,,,0.000990367,0.0007960788789205253,0.5124118328094482,4.410894870758057,0.018134312704205513,18899
649,579,0.01,44,28950,-49.5,50.0,,,,0.0009903503333333335,0.0008104821317829192,1.7071788311004639,4.529901504516602,0.0257234089076519,18949
